{
  "schemaVersion": 1,
  "id": "coffeeclient",
  "version": "${version}",
  "name": "Coffee client",
  "description": "YOOOOO 2500 KROMER WE GETTIN RICH BOYYS",
  "authors": [
    "0x150",
    "Kopamed"
  ],
  "contributors": [],
  "contact": {},
  "license": "All-Rights-Reserved",
  "icon": "assets/coffeeclient/icon.png",
  "environment": "*",
  "entrypoints": {
    "main": [
      "me.x150.coffee.CoffeeClientMain"
    ],
    "client": [],
    "server": []
  },
  "mixins": [
    "sipoverprivate.mixins.json"
  ],
  "depends": {
    "fabricloader": ">=0.12.12"
  }
}