{
  "required": true,
  "package": "me.x150.coffee.mixin",
  "compatibilityLevel": "JAVA_17",
  "mixins": [
    "AbstractBlockStateMixin",
    "AbstractClientPlayerEntityMixin",
    "AChatScreenMixin",
    "AEntityRendererMixin",
    "AGenericContainerScreenMixin",
    "AInGameHudMixin",
    "BlockEntityRenderDispatcherMixin",
    "BlockMixin",
    "BlockRenderManagerMixin",
    "ClientConnection1Mixin",
    "ClientConnectionMixin",
    "ClientPlayerEntityMixin",
    "ClientPlayerInteractionManagerMixin",
    "CreativeInventoryScreenMixin",
    "Deadmau5FeatureRendererMixin",
    "EntityMixin",
    "EntityModelMixin",
    "EntityRenderDispatcherMixin",
    "GameRendererMixin",
    "IClientPlayerInteractionManagerAccessor",
    "ICustomPayloadC2SPacketAccessor",
    "IDebugHudAccessor",
    "IEntityVelocityUpdateS2CPacketMixin",
    "IInGameHudAccessor",
    "ILivingEntityAccessor",
    "IMinecraftClientAccessor",
    "IPlayerMoveC2SPacketAccessor",
    "IRenderTickCounterAccessor",
    "ISliderWidgetAccessor",
    "ItemStackMixin",
    "KeyboardMixin",
    "LivingEntityMixin",
    "LivingEntityRendererMixin",
    "MinecraftClientMixin",
    "ModelPartCuboidMixin",
    "ModelPartMixin",
    "MouseMixin",
    "MultiplayerScreenMixin",
    "PlayerEntityMixin",
    "PlayerEntityRendererMixin",
    "PlayerInteractEntityC2SPacketAccessor",
    "SessionAccessor",
    "SharedConstantsMixin",
    "TitleScreenMixin",
    "WorldRendererMixin"
  ],
  "client": [],
  "server": [],
  "injectors": {
    "defaultRequire": 1
  }
}